Address,Last Hash
0x7a7D08bCB2faF27414e86EcF9a0351D928054b6b,"{'0xb3bcfce88162f2ca12db1599bb5951de18b05c34c8a73462977e73e806c4e3ac', '0x0c95a82f8c5ac9b6552dd9e8a36aa10c64245a927ba9f3d81c3ad6128b204e54', '0xd7bf03667b86eb1f7be6887a1961cc5fc6016d4af7a7decaa4eeedd6a0fa788f', '0x8899600a934c8bf2aea95e794d78175e5c37602b3f0c32488cdf77b4a809a2ec', '0x2882a9186407fb433f563244c507cde7cdd92cb674cb3da944e2416ed61a4336', '0xb3995553b419344134cc8b09296b304b9e3aad7cd1cf748d74dd548fbebcdc1b'}"
0xff5A11C0442028eE2A60d31E6ebb3CbaC121ffe5,"{'0xdb8f0057fe8d7cb89f8d1a7f9986c693c023c2d263abb7036ab8b6a2df38e168', '0xa964422ecb19fd25ba4c90d5880dbbdd63c503f0f9e67de06a90fb8994106340', '0x6c268625d661c73095e7aeea0afd4270c877bffd511afc37c1490760460e2f53'}"
0xdAD02644b70cbB20DEc56d25282ddC65BB7805a1,"{'0xd7cc80d5c53797fc16a7b63daf9455e2694cbde0505e7a45b1f77545315cd79d', '0x03ccf4a957d595694c03613465bc3336e82e872cc918d2810e3f8b8849160c0e'}"
0x62D5C4A317b93085697cFb1c775bE4398Df0678c,"{'0x9657586abb569f2a3c0356e8248890189682a9c636eee08c9a66723253e72774', '0x15a2563c1eb7323e881471dfe8d9da28728cf1d50d0b6eda84d24d43c59b5346', '0xcde235c88757a4155843ebfe05cf937354bf03e16d99af972a8c5f4c4d89f1cd', '0x36891603b243cc4c6ee0163c99b614fc0c3b6edb610cc20aa79a2156400c6b6a', '0x7c145ad50b84cdfe4b32f6388faa2982676ad4c284e9fb361926b65377301ebe'}"
0xa91a453aBDe404A303FB118c46E00C8F630216a9,{'0xb8787c0167db335e5d123394c7d8d65e77b9ab73e1f48f089dc722675fce4062'}
0x135B032A6FEE8060Ec7C1c7C5fe1F25313a9B992,"{'0x25187cbdf987920030de08cd3f5a777d24eecdedcfecbf5d56266af85f1da47f', '0xdca076655cede50a134776c21fdd873d7ce1805de1d832f29b2048ff18bdcbb7', '0xe0673e6e243cde7bd0847537655b96153fd14eeb53e0a23b043172b80b95f07f'}"
0x42dB5Bfe8828f12F164586AF8A992B3a7B038164,{'0x2fe73b175935bcdd70d7ca95a9d90d5d15bd58ca4a61904909fa8e6922c7fcc9'}
0x0039019392b1Ea93cD1277F75986fdF2407FE254,{'0x86d7e69c2efb3ffcf09412827a93dd4131b593a6021eba846f45c2e952fdd0a4'}
0x0146Baf3666F7CFC1292EC46e7248aFf22b4b8DE,"{'0x743e8141c55994bde2f9288871ab7e60f155ab8a025ee300d0c001ac05701230', '0x53323c4a552ff0fd4a3cbed1a57869d7522098313538e100e3a4ba7859f585df', '0x052a6370cee55634d86336702cffdff13e044eb09d3ea0c397db77bef60ebbc5', '0x1770046c886b39269a8ff4bdc2ec4bb8db6f0eeba105982cc2190effc95d98f6', '0x3622681db1e231ed2049e139f09aa7c9f75d81a620ac781ef7759ccfbb45406b', '0xc8584ed8c80edbce689dfba12ae5ab2c63de269967815a358208469a58f5b63b', '0xd76362e4958acb6fb37fe37cea1c5ee1ba1478f9fff9959707a430657f6e292c', '0x34a12fc6b2ed3b327e99ea72a18b67ded0f8b8e41e632c579c2b6a6563a19c5c', '0x7bd36a79b39431c49515aacf8a988258e8e98a203ec5ec03fbb2605a27bd78fd', '0xd1d71eb2da76b80627eb63bc51707b0e227e1f3d937bd056607b5e0f7bd078d6'}"
0x6f539a9456A5BCb6334A1A41207c3788f5825207,"{'0x45fd1a60b15dc01a71758e751d9adc39c68b330d13c82374af00d357a6e60a0a', '0xda205c1bf51fd6949e4bf2a138b44425ecac4e364bec504cab9464639c67bc89', '0x821e9ce4629e0480832b39b9f07ce0b2ced565aa2a0a21ab02087ebad208db6f', '0x958d11f3ea47070ca38184fdd691f198abf82e6126856657005707b6baede999', '0x78d8bd7124776d8d905245c7682d258119800a19e058d9dbc13de332a5d1f55f', '0xc101dd4e00d7e64ffe589404ea2feeefe3b36bf38dbe2d522759396c0f1e375a', '0x07833d65db6c9b43647aac3f33ff263ed2c784f33fc008f22cdba2a01f2cf927', '0xaaeb16015e1778a9be4d75e9a8129429c227c6991baf158f943129501169fb3d', '0xb994818eb4d724b3bb1fd5ecc220baf741155860bb4ddd2868d36b03f8ef9a81', '0x261b11a5a7cd6b9f321f7ed1d8b6acdadc25eabd71115e5d2975c137fb3a071d', '0x2cdc76192bbc8edb6e74fbfb0b7235a439ee7d59e6e3b68347c458aaee73d11d', '0xbf755b994bfbeb407cbbb55a72d829dea989acc119deddbf695ca1dab671c864', '0xafcd636dc603ec887116506968c0211508e68e817aa852361f9e939998f17143', '0x2fdaccfefc974ad629eeb088710ae7c659ea2b36f9cc06eda687a623104c9324', '0x6a222021c8a8ec0b04f8a227dc0e0835fbc837be87874b06105d2f44e103c619', '0xa74e4051c15c6a4558ebcb37e32b63a3e6cfb4aeed2db397fa7fc36ad7f97649', '0xdabf244cd8a40247c9d591ed65f76ca4e9bc36fe7ef47b2fadc05498b9c9fa6a', '0x95e0c04a8723c5684bc4ff810b1f8a076bf2ad1280f20fcffa34d0f1efcff414', '0xd6fa94b55433996cff807cff84ef66898d10bc93a67c258c0a0ea339d5057bca', '0xf14c04c5e40bac30103599ac97a559b5c940bd2be75468981ae213730b785596', '0xde35e6f8c0355ca4ae2886d53e982dec40889936dc7ba34f95d2820c01f60905', '0x4e326e76f2eac9cbe7479e97e7a7e99907cb2d440498569171db9da6201dca9e', '0x701efe2c8ad544521e69ec22970e78ed06662fa6118cbed859654cc79d7fd41a', '0xc0a0005f00d63fbaf3e0af35c89cd2bcc4adb570e23b604e8e2de0216cc7fc49', '0x2cf8683a22f70058cb7368e8497e1607ae58886c0225e6bf4846062d1532d52e', '0x394d37b7d7ac75e0f2289bbc6f179c63f9632c000bffd94aa72e590dfa218224', '0xf94bdaf435c45cc07faa015031e7b28a5429a5edbcaf03df87903f33627e0c49', '0x044e39d475b4c2c6d41992a27672b9224c55e255cea554a75a02ecf4c178aa78', '0xa6ffc78b7761849fc8bf8e6786097d8f801a982d0d51faee79929ae0747fcd89', '0x5740c9d72613c9cd067341f047be4435d3fc231ab61f822373f3924401d7d4ea', '0x3f6c39d0ba96b39241423ffa736de7eda5878333c5b1448ee226b263cad87e72', '0xd01bf89d1d0b5a27213972298af2a2721b14d975fbee07eedbfc045a76a3e169', '0xce008d5d0683439be12d3dc275770e0ed16b5951991261cd4b91377cea115af6', '0x5788f3fa26a257156d80c3f475417c07613ed54be3c903964d04bcaee00e4c23', '0xf1e793b4e6f65c92d77b40369afde28f45e42072b3023527047784b3d3c277b5', '0xa4e500279e1020bc1c693504f84088c87d7dcca463894e6fb76208b35472a53d', '0xf13b5e081d18387c8988acceadeaebe50db60bd43a59a15d414b7c0f36bee1ee', '0x729443c3d42ed5920704fedef3ddf3b5610b486f0604c9020d163e558abe32d4', '0xf97701815e819c335654eeabb0909372bf291fb7eaeb8f2aa29d1c58898a26c9', '0xe85c8b5a6075c3121535d990591bc092ae7ab2716a240746f4e64a28f811a333', '0x288ecd1b6d16a7408506bab4714dad7abbffee8f884644db3e8382f7fcdecd6c', '0xf1eb7285491a45a558f196f66f2fd4575cf09d2181d6b45d525e98a12146d0ed', '0x95f9af2d0e77bb09cccfcef923ffd3c253e50c6156feb1830274b2a953d4d1c5', '0x224b4cb0adf19a601504aed8a9a0904726bdfaa0edeb6288e3d30540c0cea372', '0x34fe777b800e47c34d51f522db9f517a825eaf94c9431169f296ab8fd6e99379', '0x7b8e28476d3e4a80407ef4945d381c4d3d407fd0fd41e250e5375bd5fb2489eb', '0x107a7b9b1e192369b9620ba2d9026c9ecb47cd3753266ceab53a9f26a8197688', '0x105bc0473bd7f7b75283d206ea0863c3a140e871fdce9c3c2146138e64ddfc45', '0x22c56799037680241749cb67a52d1d1b770c08eb37738d5abbe87566dacb5bb7', '0x1b3d10ebd55bf7780dddf0b507370e01c1ca7c0a4981d9748e53ab03ed86c53f', '0x7b958a94b07f5ac79c73075418d3fa34b4a28d840cbbd54cf1945cff255470a4', '0x222f34b207559abaa308c9ad3563d9e64a6ef5a7ca23c8db18becffd8094b032', '0xbe8c4007ea3ab5f4505e98ccde9dcbddf0db4adc89ebecaf68dc7b8f2077bf89', '0x20b6c258cef96a919aefe01eabd513d2f53aad2db3e3346f1b05e6654e294e48', '0x8f5d367028a3143d17e0294f7cd09e8738950ffa5a0e9803dcb389a8927b02dc', '0x1294b8658d780e60f8858037450755b279e21122c518fb2d2ff6042e366c2aa0', '0xc4532347d69b2fb7deed84e6e3339a13a2ee2516626a38e63b7a26f184725ad5', '0xc1a9bd5117c2ed5aa7b952c2b9aaced67fcc0eac3af55d814a28d237faec1dbe', '0x8f2e02b4f3fd27d77fb07270992b2328e934afc3f6bda58b76cb48a953499cb8', '0x4faa507891965604ac2912f447b4cc5f52a01e94a7fe14567a57a7abee591ddb', '0x797fee2e13fb35a16aa4e7abd1497755e991aa893f814d0c3fc42acc20e68f86', '0x2f1767069d0a00c81398823f8701269ca47a797d7fb06554047a2a06a738f73c', '0x8eb23658f68cce05e71e18b860292646c8f18e81c8ace9066365ef90e4ef7cf6', '0xfc84af00372b81302b41b8451e63d7fa9d8e9fa49d1c70db04bb517498d1c33e', '0x36c47f135595cd4eba8ab08c0a57f85daa2d9da757021d5a11576eb9417d148a', '0x3dc19f7791f615ea1b03af62941f3d1f737e6f5a67c51076f75aa0dc75552280', '0xdacca1ab5a1b74bdd8174667db637d9c7cd35ce47aa1e4e4b31646e14bb3eb53', '0x3e9bf032a3b6eb7fae9522d003c086e767957a5cb76e8deda0e5f7cdf2981fa4', '0x0518325a877f902c697b6951b2f3b6369419f63eeeccfd7faa1d5823b297b289', '0x03fb229be92175570f13b98a9c223d3689a37d8cc404d164645328946471cee9', '0x51683da88a615ce7add195aed0bfd3d564decf746ab1714dcf2e3accaed987b2', '0x16435c7733d723c5a497e7614c9c0ae9949aa1ba94e109bdbb92c0c9879e52cc', '0xbba2e1c1d13956860915c61017abaa2f2852ec0088cf4c9f7cf55a40cd4c1175', '0x77ba94b630de9a1cf84c081a678e51a2ab244dcfa04cea6c7e0be652afe18b8a', '0x92568c6163ea53d08bd00fec623458c7b0535c3dc6812f50ef1f51b1cf57a76f', '0x186d09ce28ef0e9de408e70941e92b1a846e0bfd93cddd54f779ddd14e619ede', '0x2f55f90aa3b1230405f617f721f7bc7acd22c6fa6d2faa30a3baf9de9afb67eb', '0x4ed7237e0a22e02340efd7b4a5ae4c893ec6fab022b412a404386a57ffbcc1f0', '0x450cd13be645ac17253c1bdd21b2a1b4233ec1b151451662674e44a278a55da8', '0x985fd3e1a5ed09a7a5db6f7428324e3b5de2c06ff06b9c1040d21f127a383883', '0xb68898c6235387c9395119863cc3d9c4e1195e007c0e1bfd7a140ae69f643f7a', '0xc32737212e1083bb2ec44546d366a31301581c872c5703a3eb0eac306448bf91', '0x133ee839d2c84571b1ba8cf715a8fc75fd527c6dd5fe2193304aa88f323aaa4a', '0x60b5af6085de0bf6927d34928c692d1d0a2057f9afcb89a35eaf6282ea069b41', '0xabfd9879c9ab7288de6572523616a0d05edac43f8ca2ea00d3cc237e4b513ab1', '0xa0c460f7a69165e5fd384d15a4f749c957eff078224907bddaa98f91fbf6b23f', '0xd1ca54697c94e41d7e0103eed156a375fede765cdbfa5a677ea97c458ae0c118', '0x98d131b922a58ff792bd07306320f72412ce4bf57a150b034f418153a32a04bc', '0xcaba6437f250abcac9d3071feabd42743edc430d2990de950b7fc4fb46309195', '0xf36635c61975e1aa2bceb3dd049254c9df244da4ae09587238eae47b3daa7dc1', '0x683cf4f57bfb5df6c51649ef94bd6b9ec2d7f067df71fb8d661dc39575c85ea4', '0x9d1841c74187457fd530605459014a8cd1b66b205bcc3c0ba6f369c837ce584a', '0x0635ccbfc4f300bb84ba6bfc465677c5dc3e8404e060a7919fa7c79645dc5492', '0x0d07b95308bad2103606f36dc3cd6a6af11b8946b5116f5cb5b70536e4f9ce4a', '0x679011992de6ad7055c9f025cb7bc093eec3c6dc0688d745032b4630eb903372', '0xd4fdb1885e3eaadbb23c32648ec55bb4f0c30d325c759bcdd840fa2bc4ac3cd5', '0x9195959c4a6f9acd3a7eed9cfeed975bcb2e83745e3ed0e90d46509011b9f4d0', '0xd8665dccb899a7293ed79496d4b647af50b9ef948e260c314b841e202bb5d471', '0x009c7ba11a422fdff0b8fca86d1b660625feb820f53f51e7768fcf7067927d08', '0x06e7d2f2f4c30afd895d3042e65ff899a1758027d25f6d106c76220d74c91775', '0xe9c02da4b4295bd702d0883be1e2eeef5dbc66a75a69234a1e5c1af87d616494', '0xfe58c4238fe00df85f3feb9d6e16ce334178e76d8cfadc1ff1364594980cba94', '0xab0dee90263b6aa8bb2de015cb16d9e16858bb54528f48f1d88d45e78eb17f96', '0x8ad33eb64f781db2ce0a4fc575f32a407dcd4ba0153b1dcd1256322ec3bb102f', '0x1d14e2749381a8547146147486259761fea10e22952dbf2e101b378cdf760bb1', '0xa9e9d13074dfae1f2f084a66d4fc357ce5c9439ca56e5733b9ca90ad427f6548', '0x106693f9c26c89432631f16055e9d5d96337d9b32d2ae0af897f01e05fe77ff3', '0x8a227ab2f91aff00255a530eb17d0d7ab83a501778d88df7a8c106126c2b4991', '0x0abab8fed52c770bffd1188ecfcbe622fe804484762bb592e4fd9d74863f0347', '0xb2024df69829638d0596c8fa8e12ab3441e54ba0f5a7a0c3b49c8feb5ed1c0da', '0x6b535cc65a3505dedb85d5a940872fd26786066bd131a2f54069195cba9e50a3', '0xe2fc2d88bf23cd877d8846171b9a3d3ff989c3ef64f3603e43dbe501e42c0936', '0x71f6bdf98892c89211a452bba110dfda95f05ffc316d2eb4dbb0388e9d6fddec', '0x2c1b1d02c88fa51114828203f1e54b6712c49fcd4d55ecca8521cadca8a11873', '0x08206a1c504c32a4e251c420598f0d314d455b1dc2638ca940cca26ae9d3d24a', '0x446aec7447942b14914aa1fcbf7de631ab79b3a35e0f7c9a4f403ff2adf4f86b', '0x110e4311a0724537f574ac980545666868986beaadaa154d3b4ad8c815fb1f43', '0x79f86ec2a6cdb48b6782c7a42b0e49be0ea688bef150ea0682b33818cee09cb0', '0x792ea7126d40178600feb54b548a5b198b155e46a95b74c47c25acf6f704392b', '0x6bbe53e79abfb4157436799f78926700c6f7f5e2771b516ca9751d46e61770d9', '0xb10878424c16823b5e8fb85b1cb3d134c00272b4620e1c172e945efd59cbfc35', '0xcdc219e58dc3f7356a3e2eefa9eddb11dc862bbc9306da407bfc80d848649c8d', '0x7bbf4d5417eff89adb7e0dcbb2e7ac9820e93e561097c5a45162e100b0129470', '0xd8057441aeed4ff07614341704c9da611039fb3e9f2899a14f9927a9a6d97e0b', '0x6ba5fe9fc0b529a259975ff9f3b24bf758816c4c73630abf9101e49e59b83cbc', '0x86a14bc12e2e4f1a612440af18e6114e48198120d19fe0136bbe8d3cff41492d', '0x82609efc271a65b18a8437179fd854223ada1f8b7ca1854d4259101f61824ecf', '0x327011f2109d532a11166c008c9b5daf81fd67badbd6b0f13ca016e355c671e1', '0x853266d58878a6a2aa5bc024e61714f1b6d93a8ba7c52cd684632bc4b4cdcbc3', '0x579a937f357d72dfed64b361bb4aa0993049591d8d51c7553ba4b2c98a02ca4d', '0x87cb80286e56787f68ca23babaa6761c687169a67f8af13b19229dc70943150d', '0x960ad79ee4c0d628b1e371debfa9f7913635c8d91b00bd1a783656255c4c4c9e', '0x1acc92e2efea90aa902fde4a2d53aa09616110f5b6cc8e02b57fe28b2a7b93d1', '0xdcfa577149fe05563198e0b5c1d2a0776fc4fd5e0c851784208dedecaa6b129e', '0xdf845f4ae7286e1e909b2f49424fa97706ab85adbebb73badf58ecad5dad7b9f', '0x1c7c0a393187ff8b4ffdc43c44d5346030bfd2d3d6c84b5610ba2047c34d04dd', '0x60eeb45c698aadd3d1a57398d8de415f733589fea1ab382799c641e249e2703b', '0x57117cd2efe1cf1cfdd7b39762488481cf9d4b1f8afb7b96f45219dab98c9f37', '0x1b434c8d4ac1e375e6814e1868fc6469c585de08bea086f0ace8d4b89efb5e6d', '0xd8ed85881850d2392487ae0b223dff377852c18e35c5aa0a000127045f7a1052', '0xe70c45b9527bcbdf7b1f1b997750a9a2392f59aecb410e65b3e859102e62cc8f', '0xe47b4532ad0f6dc7e15ec98ab9b1d7ff06fa0d6d46726852c46d051d3d8a8e91', '0xba391ee9022e2a8396c0bf947d5c4478e4213369b210e95904d779626190fe60', '0xedcf4bd9ba549838db9ee70a6ba4e050c2ee6818047ebc3937fa175a53db013a', '0xa23bd3f8f00331ba77e446fd03b797aa7f9394c41b461b09fe9d81f76c2493de', '0xe4dbfdb533f54ce4eacfa19769d70346b22ccc39e63a4944fc23968c10bdaa3f', '0x44bdadb124379865ee8977808110f25e9e8e83f1bb000093f19733e5744a4c35', '0x1d0e20e9a00f77dfef64845a905a138d01619dbebb3a6d03725d839a83003b9c', '0x68069bdf1ba58ac4752dd2fa64767f090529f4cd46ebbb23db465826e717f8b2', '0x156f287e8db28690347800bb7f41bd69bc8192c72ef52d2a8f04b13d3e80fc66', '0xb0df899502db6f350360ea6772c8657226e47658310e1c832c5f8887f60806b8', '0x1baaed8596b0c99fda5c05d032285aa29c4f2f9fae6a53ffd83bd89df687f11b', '0x8e857062b265799a5fca06078f3f97393825dfdde2708c2ac95ca538db96dad0', '0x3177a0cf3416b4ee4656ba434fa0e265a309b096055158a8847cca5af04f17eb', '0x10fc4aa3de106078584cb966ae824f02e34f162af2b93464e8af7cce80b03adb', '0xd91493bf94330b13214c3774b92b0037c03f7a766ec8382fcfde88c5488dab0b', '0xbb7032e6572d34205948f121c6d9408bee4e31dd52c00717e339dd0348ed23ba', '0x3715723d667451c5ba053d90446a1e6fb1a660954c70c2b78ea16efe603a9e1a', '0xc2df624c5b848b44cc0b8d4aefc701b9fadf3fb0724e22c4023de4232799fdd8', '0xf98c95a23886c5824edeeb12f3698be1d809925423e0606ce9fbf3f3b2dd90ed', '0x17edd5774b51340b39b0a048d01090c501de8f020eedaf43e2a2611919ffc363', '0x3891ce14e023a6550cbf5a9c6aec4baaaf269a78e09f2b5f8ba0ed41041afc0f', '0x9b69300a79055fcfc236c655233252994671bbe1d76e41557204b7533e3e4828', '0x90f20a54bbfbba2828872519dab9779af7c3bb998c13cff34bc0d15178a94d42', '0xab9113e58f6523b911904be5a94c7c84c8a71de84ade33aeb950d14b947705a1', '0x0073b61f50289b9385e0d158dbe2e8c62533dbb91b986f0248fbb9d5cff06181', '0x8c0bf793b9a96f31be506d11da51ac528375a3aec59613c8fb005e1a9994e8e7', '0x35a2dda53447acfc8e34dedf9867fba5ed1814540af94bf39cd222d70aa875f9', '0x0788e1b98f3a0a8e882ceeeb6f0edc23e3db8a13ffc7bb75a6a443901728f0c0', '0x39109f096f084b5c954c91396b2b356b762c94452864a0b89ab793c297175eca', '0x3206e44d04d5936820d78b95cf86ab3a13ec56147889b2ca8832346d7b039903', '0x01f77fa52c50c9a0a4b0fe56351331c36b6a5c0e71d29e2361c28fa015cd054e', '0x0ae0030a542dcf205364c232ab07737f7e2b29ef165632399381bfa77832e309', '0x5a1ce085e795a23e0b26b2d0533ab0142d343543a1c19a4b357e927de321c6fe', '0x4424928daa1cbae70a79d2c2ed51bfc3ce3e5e7dfa417f2551bd9a3c1e05e6f3', '0x8ccb9c122e965731b34515a4edb55ec67c9440f08199c690e01d98e8aef08374', '0x938c45aeeec2452a3bae8088c8b1851beabd9c88331f98049715548c9418f541', '0x5719f925ce8637f8b02482ca9cebe43baeae1c49490212faf24afd9b7eaff922', '0xbdb2e26eea0e8acdb3d1df92664dfe985645112952da25688c38dbb1820545ba', '0x2f0ed649d8c2297305e9bf9237f6a28ff33c59d98ccad596067cb08bba6a5fed', '0x43f77d3240bd48ce68e192666c81e7d3a4def01a6ab4812de76cfff02f1e8f30', '0xf077c61fd6cfae450c1b81994284af338f693a1223c5d8c0b5f95077691947b4', '0x01b4db8461fc19064ade3778c717d1912f9922d87df8e392033f14ed02c74331', '0x22363668d00003ac1a66a247f0720b568d115d686ccd921761a2013895a812cf', '0xf5d1284aa9aa0399492bfbf3f4ae3b15a015230a1a8deea93ee0422933da77b2', '0x89dab11b88b0dce6b2b9c1385baa30569317c925e04f73ecc442f53a179b40b0', '0xe31aff49f9a607471ea94c329d83213ff835b4b9bffaad55302c33169d6a0014', '0x994a93931196d680d5318521e5a2d0baa5af6fae8865249dd26f3ade42295145', '0x99001a537ba92bf0fcd9a49b77a2813f4758987cbbb7ac306082bbdb1010777a', '0xa5b67b742f4ed245664e1c4eef5b03d5315b1105a648219cad778c07d0b55287', '0xf2a99c5acea3990de36bc7a3ea2bea3e9f4fb453c128bed70315e9915708f704', '0x73c2f977f6dc4222845ac0fab10a2ca00615c1a95515f183709bd0c515bfe005', '0x5851ce712c79bdc826de70a5bbd553f29caebc4113810452a711aefb3cd77e5f', '0x1ed464452c4c9068c8e25582dc48f89a4ca4f3a99002491efbea03cd8f81a957', '0xe41b475aaecad71133d9296c9b69fe32336a63fbebe9cbaf0d3fdf3394194c51', '0x54767c252364cd5b8416bca8c78639ad1fb2a14ec0e5b918482c5c360c7f5aca', '0x4ee2bb1db735c2c4e1aefe1b52af54b2dfaaa13add42467183083dd4cd9f0caa', '0x50cde9a3988cb9b7b6572691710974708544dde9b7237ee08ca0ea7f381124c7', '0x0ccf346ec91face5fff933a48f4ef5475a538a03d853199ed8d343927ea8fb86', '0xc0a70d0d1b94701e604d7243bad01faf29d51e019970bc232dc9d09cb5a64366', '0xe406dd6b2f7421e8ecd9245afb93ad889b53ddd55d29748ec0cd9af2cdea1230', '0xbd6e967cda56eddf78ddf733b8fe08f0f1dd064a808c9b06102d9fa428fe09db', '0xdd9d23dd5b0f170d41ff9c6d0183d438cbb315b35d0778f00d0e264a714405e8', '0x94663789ea083bf038320727812bc380abe3ffbcda631a432d66aa490ab87257', '0x2404144d5b36544dad785873c8c4421d2ba5d50b0abe83ddf9a47676143b6b5a', '0x8f8e481d9281902526ac0d4e5a0874c5bcf6a0de4b6a8f137818cec64a00d9dd', '0xa4c78256f2eefe31a3450a8d490e5d8593d8e4a60de4d33f5fd0a6f5f0be240a', '0x5be5a6cea0cc8099ca251d58ff57c98f1081ede9deb61b72d101f02826542fdb', '0xcf47abb79c9f5262b4b474d5a198e1759241db2887c1da015754a01100a8a58a', '0x66d621fc18d1708aa20ce0903abcb4af321110251e8879ae36e3d3fe412d07d9', '0x8ef9967f43ffbb3b09fd419052e322216310bbbf2e6b9210a8c43172c4267907', '0x56654d353610fe342f7d2cff320a5161260d37d2c57a22436ec66ef413996a1f', '0x663ae01914c68a99033a4a2a7403335cea016d1282360fb5b76fdcb302688d6f', '0x8b9a246b8c64dfdfe7dc3ec5d95e187f15c96f5b99e6a3e8970d625a6efdabd5', '0x840c9504221eb99c5705d043865fd94c5240d8300cb030e269540c807a89e4b2', '0xfd2fcbfb1b627c67037032f55077a801f43e5e0dceda9c752df9c44f62315f28', '0x666be4537cb8b199718cf0c6eadbdb83993b7f9a6bc91135be9573abcc751d0d', '0xde7750811ce5086ec0e79e829416ee070df398e01ea4a7f077bedb0dc8b71b93', '0x2cc2d8e207b17298f7d8995c80acfa5ee66bc6364e7231178adcc3330902cb79', '0xcd1bbd5b889df30312ef65391f640ad3540e72effe3e5d26c92515be00b2b9ed', '0x578d9975734a4b16e520246b090218708e18504ed5a7974390fd72c4f5447cc6', '0xaa75d06251c683dcdf5bcd0dccf4de40cdae5a7735d9e6bf9d907bc9435bd0d9', '0x06465cfc38e9a05482f617bad050aff9deee9d6833d23644dbebeec63ef7b5d6', '0xdf8503039fd966bbf9c0a3575c1812d802d2878202fc8ed041ae7692aacd559d', '0xf6ae5fc0f2acce64b918699c27380222331d6fec185921f79f79fc214b14da8d', '0x742a32c08b4b7bdef86476c5af4e17ba40ca05808449fea555a815dca392eccc', '0x79ccc4951c6095227d4b2ee7cb168cb5093a415cc1a5130bb01ad19ed83c6099', '0x36d2d9c1a0aab410b6e9e437607f84b18989ea7c1464f3a5ab25348ea0ed732e', '0xd2974a42ec0bd877e6ab869ed1bddb330fb4ad7dd30a52ffba3b7c42ee10abf4', '0x30c75b67e435cf9f2852d08b8c8cbc4a27861d976192fb0c95d7bd1e5658a4a2', '0xe24b3a6f6f4ba4894b0e810ab93e4fc9a58a0f8cbde2dc1baeb52620d20dabc3', '0x27bf739b8b9f5baf6176bde87ade360312d42f3e2bbc8086dad3682e5b1ceba0', '0x4bc6fb0cac9b2eb6ed0c1ea72c38b8b83c17821d0886776ecb568e33a726042c', '0xae7e18d935e4f75b7f3022990863f6ef2719c2b753ee4f6811006d2c4f52a6ca', '0x31db0329466ae4873b4d6f2c79df18de294342d3a10be1224e44fff7c54f3e80', '0x4e03e06bfbbe5afb53c5a93d8f0267edbd20c852328141a1ed2ec908f89bc66e', '0xe07dc69e4954e3d64c7f716890ab876e0154474c0ac87a49347394f78672019d', '0x56c3343e151b07f1b46a746ac29a2525844f6fddc286d543412227f62b65d282', '0x96e90ca91c63d2fb7980c52139c079390e7ed512f37af402d4ad78079044f7b8', '0xc2a16677c582988ab6fdb8798d41dceee295652408fb1ba87bfaa7da9dbcefee', '0x254a1e3b587cb551549e28df6cca5b239a3da459e9e1f8c8a21c970ea2c732a7', '0xef6cdffeffa6b8828a3fcc79c1544da6552b198ecb47dbfc47dbee1c6f78d933', '0xd6146c1b21a7d66294d70e63ba39354c4673cb36e7a91b2ff9689f02fb30921c', '0xc749c44fad08d74cd58a3f202bb8086ec49bdc8022966afaa1efff874481d1b3', '0x7711685bd3988b5d861e347199b833ebbdda6da0eea43deb657b077b78360987', '0x4bc401cff002704c24b7fb8904688f0423287606aabf9ff1a8741d1216c036ae', '0xda15f4b0f8f2c5ef3a6635b7bf0185de0837ebf10d881b0767b2ad5f4bd155b2', '0x73142b1c52fc5b4b49a97ee47263d343ba8ab784c2cf6b510ebb329cb81c6305', '0xb83d989b9f6c83deef6adf86aed702ad6bc974bad1db76eb2e7e56464d0a1974', '0x210c0b87aeb5c33cb9a649831218a6bbee30cacbc30ca51b543e7c2717800bc3', '0x370076d372dbfdae2bdf70ffd938d9e0c1502d0d398dd346c8a93841c56fee50', '0xd666fd3488cd09511fc6c6c4b82ae301fc256ac19a630a5531120e7846905a77', '0x53fb0fc02417d401bc836a48170b504a0e8f108f8239e39ddba97f13bcf2874b', '0x1f10e988ce96b62e369497974aca33188f43bc36bd2c4fce667c1436fc0392f6', '0x33aa125d1aa0046394f75c7b972d3017190ea04ae4a9bd302f7b76e10994a5e7', '0xab743e1982e5b518bd0a7bdc5d89644f937e89dfeffa13cde7e574f28a546218', '0x86e56eec4af7a4c8c2ed5c99a6f714b769518fd89015b75d2a0fb86eef9747dd', '0xcaa861dd3e2884f033e38be425ce23f0e3e24e076f21dddc73ac1bc0131d3f39', '0xeade4e9637b8cf7b5ccb26421ca91d6d7492fd752f40db0af5741838e95adf7f', '0x13058bf7c3f8e0cf59416ce09eba4d7b1e08d50cedb691bad5a38cf2f5ac3255', '0xe6add17135f2375e9e91659a74576f028ed55899d8994d5191550eb8dd17e3ec', '0x4fdf5200b7795d25fb6ff613a1eb8d02228d6acd9521308013a9213a37e10141', '0x7b3ea64a12085a10863ec6cc9abe987f170f929920ac41ee3563ba9b0ce178e9', '0xf10fafc28156b0eef8487a830b5ca53152a36a530e0ef972d49c370fbf3d7a7f', '0xfb6e680e51222e3d2c5a2d2d253d3395ed5d983b96df5409ab6d80a2f7962921', '0x644b55b7ee1620a9091de445b5e08be6436e264ba29b22b55d70c4c1ad1e7870', '0x196a44349057ba3682e776fcba0d89ffe3e4fc624ad38c1e2f37efa6b0c52732', '0x4227e0c4ac9348bbf5d2fb568a4c86798f2203654010daa8a3bfdd5914fe85e5', '0x654a6135bba4eefda683a182b0cf04757d4e9c4cf88860be4d6359db6372bc64', '0x2266f2ece42d490e7e43bec01eece3250db8c8792b8d4870d500ce07cace28c1', '0xdba848d4a771f72139701487d78378939176304e135e83e98935458363f6a6d2', '0x4da4d306c731f01703d9a0cea0d9e0d9230f946b02b0542f2df4eae41aae93b7', '0x8e6507d822cc33844647eab334a6407b834af656fffd3bbdecc7d8432d31dba3', '0xa7b5b5c36d72980aa7c8daf154cbab67b8825e4f8b108cdc880578447eb7bb0d', '0xbbb04f5ec61d61082d7816506fb8cdb627c9e98845eec0188e81cb0a8497e3ce', '0x1dbdbb4b72e4ac45057c99ae3209e970625946ddb91dcf49e7de2e8b3fa867e0', '0xa112198d09126aac3c25c4e3bd4050451f54b688e10d76e2820539c4cc3080e4', '0x74c8078538fdd2b3b4afa12c477a232d3cdfb103e5723736f432bdfccc4d5236', '0x6c026e31f9f78347b27fdffaa50e9b010ab36c8291ef6bbc6286a11486d7d4fc', '0x875f786f0862fbb3079c04990259fec4eaf445ff004db27ca45512d3a43af70d', '0x8c7e6cb3c11f6db0ef2a76cd24ed837d9f91ac89ef40e6e15569895361223a11', '0x3afe0ad06a071540e602581509f2a4c6b5bf76f351c454768dbb08739b434eaf', '0x04a2a65f2a1b9ad48763dde56a4c76f76d7a40300d3667bc5c0c8b8539adc775', '0x5116284a4689a83e4ca9177810ead94d35b0de76fb48b77c4d2256c5f9b29f67', '0x5afbd82cb630baa9e91a1b8046de6022d7e42d2dd1adce1df9300e80c0cde11b', '0xd6942ccc108b1dc4e1c678750a76e0f5e185b4ab9c20973ef20f8b486c8f4c40', '0x16b3a91554817fd74b7692d8741a9577ca630e326fa1a9e826b7ff20924d82ef', '0xc7c94dbc529c79ab7c06248a04c971b32548aa99084408338e1f731cc00d5c72', '0x0f7509d7901d8f5e17e41f6b93399d3e207f9a477f6ffb675974dcc617de354c', '0xee0b96e2d29b55d563152578b4e0e6efe8479ba1318194442f2f4e506c39f952', '0x108990b80919a9941e35f81f85000689000b3b59a8b08277fbe12858a89d08ef', '0x1d86371a78082392df02445b12ff2f530c475fa5d1f363d1d3f83b44972fcf6a', '0x4d413dc3aa446c783689af614b8229af105f31d7fc271f4dc2764d472672be1f', '0xc2f9e44fdad81e807c9c35603ad31fd61e2752d22f96de2cbd8b5c2261e6aae8', '0x2767f79c4517bc47596a3ddae9855ea65be55547ff18bfb0da339687941c2979', '0xf048c4831f112e5f55374d11b37678f6b0f18b6a3994f1345be2c09e0268aa04', '0xda8e9c179093e9b875b8ec327dedad1e2d2ddc654e3ad052997ed20adca6e43c', '0x22de55d6163ba5cba0efb924d350780adee8aae68ac7856f0369445c1e6ff53d', '0xaecfea87e17150b10e65fe33ff55b236a8d7e4c8773924eea70d9823b54e343d', '0xf39c64a62206a50132ba32f345af65cffc139521ce9dd280bfb27ad1a0e5cb6f', '0x8568f2b45e38d7d0af9175f6fef96c2e4dff8a1f5d3622fdc752a5ba7fc5edb7', '0xf764d6e0e4a6dee8fe002c6fc61bee95dd9b7caad7532b5a24d5d82729cf447a', '0xf180b2a5be643e4da6510568160e34e9a481c234b00491414bbed4f22829831d', '0xf19f8a068669276bed5974fb0ad8801567064fab6155e771464be323e322b799', '0xe2cab6a460465d547f6a87bb654ab5db4cfdea8f78458246f2fb9432093ad803', '0xfaf96f9f815d1559516977513fdd9cd4c56f7f7b26a913ff67b3080982b7a9e7', '0xbee8dcd0c160e9b4cd831b6934ef7ff398348faa3fe26ec163f871543fdfceef'}"
0x5eCdaf39Eb3228c634943E591Eb08f3a66EaE2Ba,{'0x8a7a907f367e24ed60a437f98be4d11329c7c064967ae023aa089d9e65a6f8a6'}
0xc6C9DB23d0Dd0469B0Bf97f365Ae816274baA19a,"{'0x7eaef4174dad1c0c14f8facbe69773db15d378e728ae7b0f1282135518c41a02', '0x94e1b3f497356a63ed81c401ce21c0b92f77cc7029d9d245db70d70b01f8d520', '0xc0c326c74021dd3d6684efa855c3ea324dddf272fa548ad81d07539deef817e1', '0x29d01e98e4f112c4b358ada5b36663fe2b1508319d542f4c3a0fbad62fa5e517', '0x07cf1c951bc921433ae2d22b4b0594076eeb22286d26b7b8e72b04edc4bde508', '0x8b22229a8f5cd18e1d86a40b7fe69ff2738471b449743a12f2813c53c4f6d43d', '0xa401cad369280246b809181a4ae54c7d8c546dc75a4d30d3a5d2e5a7b83901c5', '0xe3f729c765507c0d599847900fd8ccd35172a486da6e7a54990771c4b61adc9c', '0xdcf40f1302eed7e1371135e73513a9dc80a5e0c977132e0ab0c3ba42d923c3f4', '0x53886d07b8b6a323d84ef35d957531ce2654acd8167ce4e07022cf72b7aaa903', '0x74ea58b267bc33548e36001ed598e028da335fcaf29f80e9ba85ecc793bd04a3', '0x9971ed4320d213b41af3071cedf74cc72b819876eb7b46ddda7d3fd39c8573e3'}"
0xB1B95Ee112302B5FCdE22fA4A6b1131ff228Fa2b,{'0x68efcdb34e25fbdc9fc4733f5ccc03f5f92ceecbd9e8ad6c318e92b72adbc01a'}
0xfa82F0a05b732deaf9aE17a945C65921c28b16dd,{'0xb9f9add156854f025e00f98353ec03cc27110bb0a3c20a01b361d2d035007e78'}
0x90263Ea5C57Dc6603CA7202920735A6E31235bB9,"{'0xda6a88676e68c4d4e343624aeedbdfa6f727b14e07e7b7cd3ae91d93396099e6', '0x4e47c17345f01810c598bfe9acb7442b6b356599a47541896e6638420a8b1a26', '0x8eabf882054a100554228f3d368fcb46ea29ba0411bfd74c9398f5e8e82a9a01', '0x8f2a1938878d43d9fad9cc7f220f19fa8fe43ea98e9f2dd25c6ad7896010a108', '0x894a25717010c4feb90f44436fdf9bf06d929532a12b8db2d813bdbb7eaa84f4', '0x1cde98d911f8148443acc8e21c137955e6420e0168903c7daf2a2f01792c6672', '0x16027741bd81809d4dff94ad8f2eb4eb4ba89ea43cef35153dc956e467b16867', '0x0a41ca5dd5919b3763f0f6d2a25fb06656003e8c4581b2b290d77e93bbfe1e05', '0x34822efe0fdf7a9c193bc270312f8e999f6eb6dad67f8958741528145d8c1075'}"
0x164cD8BC19402C7Bd49C2A97d5248310D7E1ec02,{'0x0687e989112cf6466793ded40867c3e85934aeac5b3f73b096f5b332a1d17372'}
