Address,Hashes
0x01f8c4e3fa3edeb29e514cba738d87ce8c091d3f,
0x14cf6193935b17fc72649ba420fdd5bfdf1f0001,
0x1641dba4593e32528bd8937fc751901dc66aa60e,
0x23a91059fdc9579a9fbd0edc5f2ea0bfdb70deb4,0x596b07b4ede7201e251c0cbf1a856f65419a3f8762ab3c9e9f7c712b08174fd9
0x3f500a7e3783fbd228ddb894de2db110eed83a5b,
0x40eac8f2702758275abbbda2881708f82c417a7f,
0x4320e6f8c05b27ab4707cd1f6d5ce6f3e4b3a5a1,
0x4e73b32ed6c35f570686b89848e5f39f20ecc106,
0x561eac93c92360949ab1f1403323e6db345cbf31,
0x627fa62ccbb1c1b04ffaecd72a53e37fc0e17839,
0x7a8721a9d64c74da899424c1b52acbf58ddc9782,
0x7b368c4e805c3870b6c49a3f1f49f69af8662cf3,
0x8c7777c45481dba411450c228cb692ac3d550344,
0x93c32845fae42c83a70e5f06214c8433665c2ab5,
0x941d225236464a25eb18076df7da6a91d0f95e9e,
0x96edbe868531bd23a6c05e9d0c424ea64fb1b78b,
0xaae1f51cf3339f18b6d3f3bdc75a5facd744b0b8,0x80665fb64e1027b5dd04ffeb3aa1bb5931dcee177f5062d9fdcdcdd52edf2aff
0xb5e1b1ee15c6fa0e48fce100125569d430f1bd12,
0xb93430ce38ac4a6bb47fb1fc085ea669353fd89e,0x3478eae9345fefc48ff81a2674810afc2b6eb4912984b130751bef1609cfe4bb
0xbaf51e761510c1a11bf48dd87c0307ac8a8c8a4f,
0xbe4041d55db380c5ae9d4a9b9703f1ed4e7e3888,
0xcead721ef5b11f1a7b530171aab69b16c5e66b6e,
0xf015c35649c82f5467c9c74b7f28ee67665aad68,
0xfe1b613f17f984e27239b0b2dccfb1778888dfae,"{'0x6bc3f389a11dfe6bc6d4d0548a8f8770242a30c23c46fedfadf3bbfe37468691', '0x54fef67270cdeb478f5d4bc65a0c927248b2756ccb84213c0764e7122dfaa5ab', '0xaa17916b523e9e248ba1b89f834ac50e7fac68b70d8ba59eca269d4802c702c1', '0xb924b4a48b0265d57ff09fc0d03b60f88a677d43a4bf9aebe0125b24f15291fa', '0x666c31930953604bea8015657d874f5e226a991dcae9d4345c87de2e4c2dff01'}"
0xf91546835f756da0c10cfa0cda95b15577b84aa7,"{'0xb5c10dbb51b00199d4d817488490f129e80832a4fd6dbf209277c11d42873cca', '0x84033e0c908cab415359b5a1a54289a533b20b8450836ceb13190848c2aac6a8', '0x21e9d20b57f6ae60dac23466c8395d47f42dc24628e5a31f224567a2b4effa88', '0xf95e87181d4f0ca831c15e3f401818d06b7c3a281fbccd9544a4669133078099', '0x2228e2ac9fe71f517eec12e4d9d68217c725ef21bb407c82d1dda00709137ac1', '0x41af661b529967c83dd61e489a0a0728378fb74a961f15b2c800637fe332c6bc', '0xf120b79aa0af659d23b9824f6a68c8ccfb63cfd63b5e45f8658cee558935b45d', '0xd8d5a14f57925db1b745e2b4427c4fc1d5a59587a6c9288c3b772d7533a68876'}"
0x0eb68f34efa0086e4136bca51fc4d0696580643e,"{'0x8e177bbe4f3e53c4701a1f6bd74db1173548f1d754601f55ddbb780649949d86'}"
0xcb6fe98097fe7d6e00415bb6623d5fc3effa4e83,"{'0x8385a4d86eef605941b6289631544c23f858c781d12b69b54ed7579699a9e152'}"
0xdf4b83a451ef20b925ce39f4da2a021722688370,"{'0xdd24a4e107d5037a7a4596c5b6457645680457631e3349e005224149bda3f332'}"
0xcead721ef5b11f1a7b530171aab69b16c5e66b6e,"{'0xd0e87d37ea373b246169ee5885ac8523baa499e32d707dc7e119e9428e38f6fc'}"
0xa4e1cbf64c3b5db2a6e6f23cb5286b97d80b86e3,"{'0x3f03f98aa3a23135741aca782650aa55c705ed78c0dbcbf0f923ff5aee93be6e'}"
0xbb9bc244d798123fde783fcc1c72d3bb8c189413,"{'0x0ec3f2488a93839524add10ea229e773f6bc891b4eb4794c3337d4495263790b'}"
0xbabfe0ae175b847543724c386700065137d30e3b,"{'0x2c3415e93b2ef80870326cbfe1b17ddd1e6a16b23fe541ada38f1fad27352ef2'}"
0x463f235748bc7862deaa04d85b4b16ac8fafef39,"{'0x244363223a6957bf47efae2d58a48024b0dc82a5a75ddff44bed2754682f7f4d'}"
0xb93430ce38ac4a6bb47fb1fc085ea669353fd89e,"{'0x3478eae9345fefc48ff81a2674810afc2b6eb4912984b130751bef1609cfe4bb'}"
0x23a91059fdc9579a9fbd0edc5f2ea0bfdb70deb4,"{'0x596b07b4ede7201e251c0cbf1a856f65419a3f8762ab3c9e9f7c712b08174fd9'}"
0xb4c05e6e4cdb07c15095300d96a5735046eef999,"{'0xf07786df4ef348a56feaa636761557c54851aeab04e6554b2a62d4e070d7d48c'}"
0x95d34980095380851902ccd9a1fb4c813c2cb639,"{'0x9d19c476aba9eaae6628d8619b122d85a294ff47d9486a765e64a6488db599a0'}"
0xd116d1349c1382b0b302086a4e4219ae4f8634ff,"{'0x824a41795204620f88951b45a2d7367b94f7db37a7aa2b3fd00a77d7e553b4c1'}"
0xa5d6accc5695327f65cbf38da29198df53efdcf0,"{'0xa1b8079b3bea1d7601db02f32cabc9610696125462558a9a30b56e0bd1c445fb'}"
0xe610af01f92f19679327715b426c35849c47c657,"{'0xa127058f0f0bc0c1bf398f9ed54a189e8590447b0991de8f253431ab802c14fd'}"
0x903643251af408a3c5269c836b9a2a4a1f04d1cf,"{'0xcaf0535736357c49cfa990b7ded415a6f24f10802ca652df040866e219671c2a'}"
0xb7c5c5aa4d42967efe906e1b66cb8df9cebf04f7,"{'0xebeabdcfbe897a78baba0d0720b7d208c2472d36f06669bdb5b319715bc0b7f5'}"
0xaae1f51cf3339f18b6d3f3bdc75a5facd744b0b8,"{'0x80665fb64e1027b5dd04ffeb3aa1bb5931dcee177f5062d9fdcdcdd52edf2aff'}"